domain,name,aliases,sdk_id,catalog_status,root_navigation_label,lifecycle,semantic_summary_ko,extends,property_count,outgoing_link_count,incoming_link_count,verification_status,source_url
common,Defense Geotemporal Observation,,com.palantir.ontology.defense-types.defenseGeotemporalObservation,root_navigation_listed,Defense Geotemporal Observation,active,,Geotemporal Observation,1,0,0,verified_from_official_page,https://www.palantir.com/docs/defense-osdk/api/common/interfaceTypes/com-palantir-ontology-defense-types-defenseGeotemporalObservation
common,Defense Tracked Entity,,com.palantir.ontology.defense-types.defenseTrackedEntity,root_navigation_listed,Defense Tracked Entity,active,,Tracked Entity,1,0,0,verified_from_official_page,https://www.palantir.com/docs/defense-osdk/api/common/interfaceTypes/com-palantir-ontology-defense-types-defenseTrackedEntity
common,MILSTD 2525C Symbol,,com.palantir.ontology.defense-types.mil2525CSymbol,root_navigation_listed,MILSTD 2525C Symbol,active,,,30,0,0,verified_from_official_page,https://www.palantir.com/docs/defense-osdk/api/common/interfaceTypes/com-palantir-ontology-defense-types-mil2525CSymbol
common,Named Location,,com.palantir.ontology.defense-types.namedLocation,root_navigation_listed,Named Location,active,,,2,3,3,verified_from_official_page,https://www.palantir.com/docs/defense-osdk/api/common/interfaceTypes/com-palantir-ontology-defense-types-namedLocation
common,Report,,com.palantir.ontology.defense-types.report,root_navigation_listed,Report,active,,,1,1,1,verified_from_official_page,https://www.palantir.com/docs/defense-osdk/api/common/interfaceTypes/com-palantir-ontology-defense-types-report
common,Report Observation,,com.palantir.ontology.defense-types.reportObservation,root_navigation_listed,Report Observation,active,,,0,1,1,verified_from_official_page,https://www.palantir.com/docs/defense-osdk/api/common/interfaceTypes/com-palantir-ontology-defense-types-reportObservation
intelligence,COMINT,,com.palantir.ontology.defense-types.comint,root_navigation_listed,COMINT,active,통신신호정보. SIGINT를 직접 확장하고 CENOT 식별 표기를 추가.,SIGINT,1,0,0,verified_from_official_page,https://www.palantir.com/docs/defense-osdk/api/intelligence/interfaceTypes/com-palantir-ontology-defense-types-comint
intelligence,ELINT,,com.palantir.ontology.defense-types.elint,root_navigation_listed,ELINT,active,비통신 전자신호 정보. SIGINT를 직접 확장하고 ELNOT 식별 표기를 추가.,SIGINT,1,0,0,verified_from_official_page,https://www.palantir.com/docs/defense-osdk/api/intelligence/interfaceTypes/com-palantir-ontology-defense-types-elint
intelligence,GEOINT,,com.palantir.ontology.defense-types.geoint,root_navigation_listed,GEOINT,active,지리공간정보의 상위 인터페이스. OPIR·MTI·IMINT가 이를 확장.,Intelligence,0,0,0,verified_from_official_page,https://www.palantir.com/docs/defense-osdk/api/intelligence/interfaceTypes/com-palantir-ontology-defense-types-geoint
intelligence,IMINT,,com.palantir.ontology.defense-types.imint,root_navigation_listed,IMINT,active,영상정보. 관측 이미지의 URL 또는 media reference를 직접 보유.,GEOINT,2,0,0,verified_from_official_page,https://www.palantir.com/docs/defense-osdk/api/intelligence/interfaceTypes/com-palantir-ontology-defense-types-imint
intelligence,Intelligence,,com.palantir.ontology.defense-types.intelligence,root_navigation_listed,Intelligence,active,정보 산출물/정보 객체의 공통 상위 인터페이스. 신뢰도·보고시각·보고위치와 정보 대상/생산자 및 각종 평가의 근거 연결을 제공.,,3,6,6,verified_from_official_page,https://www.palantir.com/docs/defense-osdk/api/intelligence/interfaceTypes/com-palantir-ontology-defense-types-intelligence
intelligence,Intelligence Producer,,com.palantir.ontology.defense-types.intelligenceProducer,root_navigation_listed,Intelligence Producer,active,정보를 생산하는 출처·생산 주체를 표현. 센서/기관/플랫폼 등의 구체 Object Type이 이 인터페이스를 구현할 수 있음.,,0,1,1,verified_from_official_page,https://www.palantir.com/docs/defense-osdk/api/intelligence/interfaceTypes/com-palantir-ontology-defense-types-intelligenceProducer
intelligence,Intelligence Report,,com.palantir.ontology.defense-types.intelligenceReport,root_navigation_listed,Intelligence Report,active,텍스트·미디어 형태의 정보보고서. 공식 페이지의 상속 설명과 explicit Extended interfaces 표기가 서로 일치하지 않아 비교 시 주의 필요.,Report,2,0,0,verified_with_documentation_discrepancy,https://www.palantir.com/docs/defense-osdk/api/intelligence/interfaceTypes/com-palantir-ontology-defense-types-intelligenceReport
intelligence,Intelligence Subject,,com.palantir.ontology.defense-types.intelligenceSubject,root_navigation_listed,Intelligence Subject,active,정보수집·분석의 대상이 되는 실체를 표현. Targetable Entity의 상위 인터페이스이며 정보 및 물리/기능 평가와 연결됨.,,0,3,3,verified_from_official_page,https://www.palantir.com/docs/defense-osdk/api/intelligence/interfaceTypes/com-palantir-ontology-defense-types-intelligenceSubject
intelligence,MTI,,com.palantir.ontology.defense-types.mti,root_navigation_listed,MTI,active,이동표적지시 정보. 타원형 위치/오차 영역을 기하정보와 장·단축으로 표현.,GEOINT,3,0,0,verified_from_official_page,https://www.palantir.com/docs/defense-osdk/api/intelligence/interfaceTypes/com-palantir-ontology-defense-types-mti
intelligence,OPIR,,com.palantir.ontology.defense-types.opir,root_navigation_listed,OPIR,active,지속적 적외선 계열 정보. 관측 위치의 타원형 불확실성 및 활동 유형을 표현.,GEOINT,4,0,0,verified_from_official_page,https://www.palantir.com/docs/defense-osdk/api/intelligence/interfaceTypes/com-palantir-ontology-defense-types-opir
intelligence,OSINT,,com.palantir.ontology.defense-types.osint,root_navigation_listed,OSINT,active,공개출처정보. 자체 속성보다 Intelligence의 공통 메타데이터와 관계를 상속해 사용.,Intelligence,0,0,0,verified_from_official_page,https://www.palantir.com/docs/defense-osdk/api/intelligence/interfaceTypes/com-palantir-ontology-defense-types-osint
intelligence,SIGINT,,com.palantir.ontology.defense-types.sigint,root_navigation_listed,SIGINT,active,"신호정보의 상위 인터페이스. 주파수와 위치 불확실성 타원, 방향 정보를 갖고 ELINT·COMINT의 상위가 됨.",Intelligence,5,0,0,verified_from_official_page,https://www.palantir.com/docs/defense-osdk/api/intelligence/interfaceTypes/com-palantir-ontology-defense-types-sigint
missionPlanning,Operation,,com.palantir.ontology.defense-types.operation,root_navigation_listed,Operation,active,"작전/계획의 계층적 구조. 예정·실제 시작/종료 시각, 상·하위 Operation, 소유 Unit, 적용 Unit Hierarchy를 연결.",,4,4,4,verified_from_official_page,https://www.palantir.com/docs/defense-osdk/api/missionPlanning/interfaceTypes/com-palantir-ontology-defense-types-operation
orderOfBattle,Equipment Type,,com.palantir.ontology.defense-types.equipmentType,root_navigation_listed,Equipment Type,active,,Materiel Type,0,0,0,verified_from_official_page,https://www.palantir.com/docs/defense-osdk/api/orderOfBattle/interfaceTypes/com-palantir-ontology-defense-types-equipmentType
orderOfBattle,Facility,,com.palantir.ontology.defense-types.facility,root_navigation_listed,Facility,active,,,12,0,0,verified_from_official_page,https://www.palantir.com/docs/defense-osdk/api/orderOfBattle/interfaceTypes/com-palantir-ontology-defense-types-facility
orderOfBattle,Materiel Type,,com.palantir.ontology.defense-types.materielType,root_navigation_listed,Materiel Type,active,,,2,3,3,verified_from_official_page,https://www.palantir.com/docs/defense-osdk/api/orderOfBattle/interfaceTypes/com-palantir-ontology-defense-types-materielType
orderOfBattle,Munition Type,Ammunition Type,com.palantir.ontology.defense-types.ammunitionType,root_navigation_listed,Ammunition Type,active,,Materiel Type,0,4,4,verified_current_display_with_legacy_sdk_id,https://www.palantir.com/docs/defense-osdk/api/orderOfBattle/interfaceTypes/com-palantir-ontology-defense-types-ammunitionType
orderOfBattle,Organization,,com.palantir.ontology.defense-types.organization,root_navigation_listed,Organization,active,,,0,5,5,verified_from_official_page,https://www.palantir.com/docs/defense-osdk/api/orderOfBattle/interfaceTypes/com-palantir-ontology-defense-types-organization
orderOfBattle,Organization Hierarchy,,com.palantir.ontology.defense-types.organizationHierarchy,root_navigation_listed,Organization Hierarchy,active,,,2,1,1,verified_from_official_page,https://www.palantir.com/docs/defense-osdk/api/orderOfBattle/interfaceTypes/com-palantir-ontology-defense-types-organizationHierarchy
orderOfBattle,Organization Hierarchy Node Relationship,,com.palantir.ontology.defense-types.organizationHierarchyNodeRelationship,root_navigation_listed,Organization Hierarchy Node Relationship,active,,,0,4,4,revalidated_official_page_2026-10-01,https://www.palantir.com/docs/defense-osdk/api/orderOfBattle/interfaceTypes/com-palantir-ontology-defense-types-organizationHierarchyNodeRelationship
orderOfBattle,Organization Hierarchy Node Relationship Type,,com.palantir.ontology.defense-types.organizationHierarchyNodeRelationshipType,root_navigation_listed,Organization Hierarchy Node Relationship Type,active,,,0,1,0,semantic_and_link_verified_via_official_counterpart_page,https://www.palantir.com/docs/defense-osdk/api/orderOfBattle/interfaceTypes/com-palantir-ontology-defense-types-organizationHierarchyNodeRelationshipType
orderOfBattle,Unit,,com.palantir.ontology.defense-types.unit,root_navigation_listed,Unit,active,,Organization,6,8,8,verified_from_official_page,https://www.palantir.com/docs/defense-osdk/api/orderOfBattle/interfaceTypes/com-palantir-ontology-defense-types-unit
orderOfBattle,Unit Hierarchy,,com.palantir.ontology.defense-types.unitHierarchy,root_navigation_listed,Unit Hierarchy,active,,,2,2,2,verified_from_official_page,https://www.palantir.com/docs/defense-osdk/api/orderOfBattle/interfaceTypes/com-palantir-ontology-defense-types-unitHierarchy
orderOfBattle,Unit Hierarchy Node Relationship,,com.palantir.ontology.defense-types.unitHierarchyNodeRelationship,root_navigation_listed,Unit Hierarchy Node Relationship,active,,,2,4,4,revalidated_official_page_2026-10-01,https://www.palantir.com/docs/defense-osdk/api/orderOfBattle/interfaceTypes/com-palantir-ontology-defense-types-unitHierarchyNodeRelationship
orderOfBattle,Unit Hierarchy Node Relationship Type,,com.palantir.ontology.defense-types.unitHierarchyNodeRelationshipType,root_navigation_listed,Unit Hierarchy Node Relationship Type,active,,,2,1,1,verified_from_official_page,https://www.palantir.com/docs/defense-osdk/api/orderOfBattle/interfaceTypes/com-palantir-ontology-defense-types-unitHierarchyNodeRelationshipType
orderOfBattle,Unit Type,,com.palantir.ontology.defense-types.unitType,root_navigation_listed,Unit Type,active,,,3,1,1,verified_from_official_page,https://www.palantir.com/docs/defense-osdk/api/orderOfBattle/interfaceTypes/com-palantir-ontology-defense-types-unitType
sustainment,Materiel Change Event,,com.palantir.ontology.defense-types.materielChangeEvent,root_navigation_listed,Materiel Change Event,active,조직의 물자 수량 변화를 기록하는 이벤트. Report Observation을 확장한다.,Report Observation,7,3,3,verified_official_page_2026-10-01,https://www.palantir.com/docs/defense-osdk/api/sustainment/interfaceTypes/com-palantir-ontology-defense-types-materielChangeEvent
sustainment,Materiel Requirement,,com.palantir.ontology.defense-types.materielRequirement,root_navigation_listed,Materiel Requirement,active,조직이 필요로 하는 물자의 유형·수량·장소를 표현하는 요구 객체.,,6,3,3,verified_official_page_2026-10-01,https://www.palantir.com/docs/defense-osdk/api/sustainment/interfaceTypes/com-palantir-ontology-defense-types-materielRequirement
sustainment,Materiel Status Event,,com.palantir.ontology.defense-types.materielStatusEvent,root_navigation_listed,Materiel Status Event,active,특정 시점의 조직 물자 수량과 상태를 나타내는 스냅샷. Report Observation을 확장한다.,Report Observation,7,3,3,verified_official_page_2026-10-01,https://www.palantir.com/docs/defense-osdk/api/sustainment/interfaceTypes/com-palantir-ontology-defense-types-materielStatusEvent
targetingFires,Aimpoint Weapon Employment,,com.palantir.ontology.defense-types.aimpointWeaponEmployment,root_navigation_listed,Aimpoint Weapon Employment,active,하나의 표적 좌표에 특정 물리 무장을 배정한 Effector Employment.,Effector Employment,6,1,1,verified_official,https://www.palantir.com/docs/defense-osdk/api/targetingFires/interfaceTypes/com-palantir-ontology-defense-types-aimpointWeaponEmployment
targetingFires,Attack Guidance,,com.palantir.ontology.defense-types.attackGuidance,root_navigation_listed,Attack Guidance,active,어떤 Target Type에 어떤 효과를 어느 우선순위와 수단으로 적용할지 표현하는 공격 지침.,,2,4,4,verified_official,https://www.palantir.com/docs/defense-osdk/api/targetingFires/interfaceTypes/com-palantir-ontology-defense-types-attackGuidance
targetingFires,Attack Guidance Matrix,,com.palantir.ontology.defense-types.attackGuidanceMatrix,root_navigation_listed,Attack Guidance Matrix,active,작전별 공격 지침들의 집합.,,0,2,2,verified_official,https://www.palantir.com/docs/defense-osdk/api/targetingFires/interfaceTypes/com-palantir-ontology-defense-types-attackGuidanceMatrix
targetingFires,Change Assessment,,com.palantir.ontology.defense-types.changeAssessment,root_navigation_listed,Change Assessment,deprecated,표적의 물리적 변화 평가를 나타내던 구형 인터페이스. 현재는 Physical Assessment 사용 권고.,,5,2,2,verified_official,https://www.palantir.com/docs/defense-osdk/api/targetingFires/interfaceTypes/com-palantir-ontology-defense-types-changeAssessment
targetingFires,Collateral Concern Candidate,,com.palantir.ontology.defense-types.collateralConcernCandidate,root_navigation_listed,Collateral Concern Candidate,active,부수피해 우려 대상으로 지정될 수 있는 실체의 공통 인터페이스.,,0,1,1,verified_official,https://www.palantir.com/docs/defense-osdk/api/targetingFires/interfaceTypes/com-palantir-ontology-defense-types-collateralConcernCandidate
targetingFires,Collateral Concern Guidance,,com.palantir.ontology.defense-types.collateralConcernGuidance,root_navigation_listed,Collateral Concern Guidance,active,특정 Targeting Operation/Area에서 어떤 부수피해 우려 목록을 어떤 탐색반경으로 확인할지 지정.,,1,3,3,verified_official,https://www.palantir.com/docs/defense-osdk/api/targetingFires/interfaceTypes/com-palantir-ontology-defense-types-collateralConcernGuidance
targetingFires,Collateral Concern List,,com.palantir.ontology.defense-types.collateralConcernList,root_navigation_listed,Collateral Concern List,active,표적 개발 시 함께 검토해야 할 부수피해 우려 대상들의 목록.,,1,2,2,verified_official,https://www.palantir.com/docs/defense-osdk/api/targetingFires/interfaceTypes/com-palantir-ontology-defense-types-collateralConcernList
targetingFires,Collateral Damage Assessment,,com.palantir.ontology.defense-types.collateralDamageAssessment,root_navigation_listed,Collateral Damage Assessment,active,군사행동으로 발생한 비의도적 민간·재산·환경 피해를 평가.,,5,2,2,verified_official,https://www.palantir.com/docs/defense-osdk/api/targetingFires/interfaceTypes/com-palantir-ontology-defense-types-collateralDamageAssessment
targetingFires,Effector Employment,,com.palantir.ontology.defense-types.effectorEmployment,root_navigation_listed,Effector Employment,active,표적의 특정 부분에 효과를 만들기 위해 효과기/무장을 운용하는 행위.,,0,1,1,verified_official,https://www.palantir.com/docs/defense-osdk/api/targetingFires/interfaceTypes/com-palantir-ontology-defense-types-effectorEmployment
targetingFires,Engagement,,com.palantir.ontology.defense-types.engagement,root_navigation_listed,Engagement,active,승인된 Target에 대해 실제로 실행되는 행동/교전 과업. Operation을 확장하며 사후 평가들과 연결.,Operation,0,7,8,verified_official,https://www.palantir.com/docs/defense-osdk/api/targetingFires/interfaceTypes/com-palantir-ontology-defense-types-engagement
targetingFires,Fire Support Coordination Measure,,com.palantir.ontology.defense-types.fireSupportCoordinationMeasure,root_navigation_listed,Fire Support Coordination Measure,active,화력지원 조정구역/조치의 유효기간·형상·고도·소유/조정/면제 부대를 표현.,,13,3,3,verified_official,https://www.palantir.com/docs/defense-osdk/api/targetingFires/interfaceTypes/com-palantir-ontology-defense-types-fireSupportCoordinationMeasure
targetingFires,Functional Assessment,,com.palantir.ontology.defense-types.functionalAssessment,root_navigation_listed,Functional Assessment,active,표적의 기능·운용 능력이 얼마나 저하되었는지를 평가.,,5,3,3,verified_official,https://www.palantir.com/docs/defense-osdk/api/targetingFires/interfaceTypes/com-palantir-ontology-defense-types-functionalAssessment
targetingFires,Geometry-Based Collateral Concern Candidate,,com.palantir.ontology.defense-types.collateralConcernCandidateWithGeometry,root_navigation_listed,Geometry-Based Collateral Concern Candidate,active,면/형상으로 표현되는 부수피해 우려 대상.,Collateral Concern Candidate,1,0,0,verified_official,https://www.palantir.com/docs/defense-osdk/api/targetingFires/interfaceTypes/com-palantir-ontology-defense-types-collateralConcernCandidateWithGeometry
targetingFires,High Payoff Target List,,com.palantir.ontology.defense-types.highPayoffTargetList,root_navigation_listed,High Payoff Target List,active,작전에서 고가치/고효용 표적 유형의 우선순위를 묶은 구조.,,0,2,2,verified_official,https://www.palantir.com/docs/defense-osdk/api/targetingFires/interfaceTypes/com-palantir-ontology-defense-types-highPayoffTargetList
targetingFires,Munition Effectiveness Assessment,,com.palantir.ontology.defense-types.munitionEffectivenessAssessment,root_navigation_listed,Munition Effectiveness Assessment,active,탄약이 의도한 지점에 명중했고 원하는 효과를 냈는지 평가.,,7,2,2,verified_official,https://www.palantir.com/docs/defense-osdk/api/targetingFires/interfaceTypes/com-palantir-ontology-defense-types-munitionEffectivenessAssessment
targetingFires,Physical Assessment,,com.palantir.ontology.defense-types.physicalAssessment,official_page_observed_not_root_navigation_listed,,active,표적의 물리적 피해 수준을 평가. Change Assessment의 후속 모델.,,5,3,3,verified_recent_index_not_root_sidebar,https://www.palantir.com/docs/defense-osdk/api/targetingFires/interfaceTypes/com-palantir-ontology-defense-types-physicalAssessment
targetingFires,Point-Based Collateral Concern Candidate,,com.palantir.ontology.defense-types.collateralConcernCandidatePoint,root_navigation_listed,Point-Based Collateral Concern Candidate,active,점 위치로 표현되는 부수피해 우려 대상.,Collateral Concern Candidate,1,0,0,verified_official,https://www.palantir.com/docs/defense-osdk/api/targetingFires/interfaceTypes/com-palantir-ontology-defense-types-collateralConcernCandidatePoint
targetingFires,Serviced Assessment,Target Assessment,com.palantir.ontology.defense-types.targetAssessment,root_navigation_listed,Serviced Assessment,active,해당 표적에 실제 효과를 가하려는 시도가 있었는지를 나타내는 평가.,,1,1,1,verified_with_schema_drift,https://www.palantir.com/docs/defense-osdk/api/targetingFires/interfaceTypes/com-palantir-ontology-defense-types-targetAssessment
targetingFires,Target,,com.palantir.ontology.defense-types.target,root_navigation_listed,Target,active,물리적 표적 자체가 아니라 특정 Targetable Entity에 효과를 가하려는 하나의 표적화 과업.,,2,5,5,verified_official,https://www.palantir.com/docs/defense-osdk/api/targetingFires/interfaceTypes/com-palantir-ontology-defense-types-target
targetingFires,Target Effect Solution,,com.palantir.ontology.defense-types.targetEffectSolution,root_navigation_listed,Target Effect Solution,active,표적에 원하는 기능적 효과를 내기 위해 조합한 하나 이상의 effect/effector employment 묶음.,,1,3,3,verified_official,https://www.palantir.com/docs/defense-osdk/api/targetingFires/interfaceTypes/com-palantir-ontology-defense-types-targetEffectSolution
targetingFires,Target Engagement Authority,,com.palantir.ontology.defense-types.targetEngagementAuthority,root_navigation_listed,Target Engagement Authority,active,작전구역 내 승인된 표적 교전을 지휘하도록 특정 부대에 부여된 권한.,,0,3,3,verified_official,https://www.palantir.com/docs/defense-osdk/api/targetingFires/interfaceTypes/com-palantir-ontology-defense-types-targetEngagementAuthority
targetingFires,Target List,,com.palantir.ontology.defense-types.targetList,official_page_observed_not_root_navigation_listed,,active,여러 Target을 묶는 목록. Target과의 멤버십은 Target List Assignment로 객체화됨.,,0,2,2,verified_recent_index_not_root_sidebar,https://www.palantir.com/docs/defense-osdk/api/targetingFires/interfaceTypes/com-palantir-ontology-defense-types-targetList
targetingFires,Target List Assignment,,com.palantir.ontology.defense-types.targetListAssignment,official_page_observed_not_root_navigation_listed,,active,Target-Target List 멤버십 자체를 객체화한 관계. 목록별 priority를 관계 속성으로 보유.,,1,2,2,verified_recent_index_not_root_sidebar,https://www.palantir.com/docs/defense-osdk/api/targetingFires/interfaceTypes/com-palantir-ontology-defense-types-targetListAssignment
targetingFires,Target Priority,,com.palantir.ontology.defense-types.targetPriority,root_navigation_listed,Target Priority,active,특정 Target Type의 상대적 교전 우선순위.,,1,3,3,verified_official,https://www.palantir.com/docs/defense-osdk/api/targetingFires/interfaceTypes/com-palantir-ontology-defense-types-targetPriority
targetingFires,Target Selection Standard,,com.palantir.ontology.defense-types.targetSelectionStandard,root_navigation_listed,Target Selection Standard,active,특정 유형의 표적을 교전하기 전에 충족해야 할 정확도·정보 최신성·기동성 기준.,,3,4,4,verified_official,https://www.palantir.com/docs/defense-osdk/api/targetingFires/interfaceTypes/com-palantir-ontology-defense-types-targetSelectionStandard
targetingFires,Target Selection Standard Matrix,,com.palantir.ontology.defense-types.targetSelectionStandardMatrix,root_navigation_listed,Target Selection Standard Matrix,active,작전별 표적선정 기준들의 집합.,,0,2,2,verified_official,https://www.palantir.com/docs/defense-osdk/api/targetingFires/interfaceTypes/com-palantir-ontology-defense-types-targetSelectionStandardMatrix
targetingFires,Target Type,,com.palantir.ontology.defense-types.targetType,root_navigation_listed,Target Type,active,표적이 될 수 있는 군사적 실체의 유형 분류.,,1,4,4,verified_official,https://www.palantir.com/docs/defense-osdk/api/targetingFires/interfaceTypes/com-palantir-ontology-defense-types-targetType
targetingFires,Targetable Entity,,com.palantir.ontology.defense-types.targetableEntity,root_navigation_listed,Targetable Entity,active,군사적 의미를 갖는 실제 물리 자산. 정보수집 대상(Intelligence Subject)이면서 여러 번의 Target 설정 대상이 될 수 있음.,Intelligence Subject,1,2,2,verified_official,https://www.palantir.com/docs/defense-osdk/api/targetingFires/interfaceTypes/com-palantir-ontology-defense-types-targetableEntity
targetingFires,Targeting Area,,com.palantir.ontology.defense-types.targetingArea,root_navigation_listed,Targeting Area,active,표적화 책임을 관리·위임하기 위해 구획한 공간.,,1,6,6,verified_official,https://www.palantir.com/docs/defense-osdk/api/targetingFires/interfaceTypes/com-palantir-ontology-defense-types-targetingArea
targetingFires,Targeting Operation,,com.palantir.ontology.defense-types.targetingOperation,root_navigation_listed,Targeting Operation,active,표적화 지침의 기준이 되는 군사 계획 구조. Operation을 확장.,Operation,0,8,8,verified_official,https://www.palantir.com/docs/defense-osdk/api/targetingFires/interfaceTypes/com-palantir-ontology-defense-types-targetingOperation
