domain,source_interface,relation_name,target_interface,resolved_target,cardinality,required,evidence,description,source_url
common,Named Location,Materiel Change Events,Materiel Change Event,Materiel Change Event,One To Many,False,direct_official_page,,https://www.palantir.com/docs/defense-osdk/api/common/interfaceTypes/com-palantir-ontology-defense-types-namedLocation
common,Named Location,Materiel Status Events,Materiel Status Event,Materiel Status Event,One To Many,False,direct_official_page,,https://www.palantir.com/docs/defense-osdk/api/common/interfaceTypes/com-palantir-ontology-defense-types-namedLocation
common,Named Location,Materiel Requirements,Materiel Requirement,Materiel Requirement,One To Many,False,direct_official_page,,https://www.palantir.com/docs/defense-osdk/api/common/interfaceTypes/com-palantir-ontology-defense-types-namedLocation
common,Report,Report Observations,Report Observation,Report Observation,One To Many,False,direct_official_page,One Report can link to many Report Observations.,https://www.palantir.com/docs/defense-osdk/api/common/interfaceTypes/com-palantir-ontology-defense-types-report
common,Report Observation,Reports,Report,Report,One To Many,False,direct_official_page,One Report Observation can link to many Reports.,https://www.palantir.com/docs/defense-osdk/api/common/interfaceTypes/com-palantir-ontology-defense-types-reportObservation
intelligence,Intelligence,Intelligence Subjects,Intelligence Subject,Intelligence Subject,One To Many,False,direct_official_page,One intelligence object may link to many intelligence subjects.,https://www.palantir.com/docs/defense-osdk/api/intelligence/interfaceTypes/com-palantir-ontology-defense-types-intelligence
intelligence,Intelligence,Intelligence Producers,Intelligence Producer,Intelligence Producer,One To Many,False,direct_official_page,One intelligence object may link to many intelligence producers.,https://www.palantir.com/docs/defense-osdk/api/intelligence/interfaceTypes/com-palantir-ontology-defense-types-intelligence
intelligence,Intelligence,Change Assessments,Change Assessment,Change Assessment,One To Many,False,direct_official_page,Supporting evidence for change assessments.,https://www.palantir.com/docs/defense-osdk/api/intelligence/interfaceTypes/com-palantir-ontology-defense-types-intelligence
intelligence,Intelligence,Physical Assessments,Physical Assessment,Physical Assessment,One To Many,False,direct_official_page,Supporting evidence for physical assessments.,https://www.palantir.com/docs/defense-osdk/api/intelligence/interfaceTypes/com-palantir-ontology-defense-types-intelligence
intelligence,Intelligence,Functional Assessments,Functional Assessment,Functional Assessment,One To Many,False,direct_official_page,Supporting evidence for functional assessments.,https://www.palantir.com/docs/defense-osdk/api/intelligence/interfaceTypes/com-palantir-ontology-defense-types-intelligence
intelligence,Intelligence,Collateral Damage Assessments,Collateral Damage Assessment,Collateral Damage Assessment,One To Many,False,direct_official_page,Supporting evidence for collateral damage assessments.,https://www.palantir.com/docs/defense-osdk/api/intelligence/interfaceTypes/com-palantir-ontology-defense-types-intelligence
intelligence,Intelligence Producer,Intelligence,Intelligence,Intelligence,One To Many,False,direct_official_page,One intelligence producer may link to many intelligence objects.,https://www.palantir.com/docs/defense-osdk/api/intelligence/interfaceTypes/com-palantir-ontology-defense-types-intelligenceProducer
intelligence,Intelligence Subject,Intelligence,Intelligence,Intelligence,One To Many,False,direct_official_page,One intelligence subject may link to many intelligence objects.,https://www.palantir.com/docs/defense-osdk/api/intelligence/interfaceTypes/com-palantir-ontology-defense-types-intelligenceSubject
intelligence,Intelligence Subject,Physical Assessments,Physical Assessment,Physical Assessment,One To Many,False,direct_official_page,One intelligence subject may have many physical assessments.,https://www.palantir.com/docs/defense-osdk/api/intelligence/interfaceTypes/com-palantir-ontology-defense-types-intelligenceSubject
intelligence,Intelligence Subject,Functional Assessments,Functional Assessment,Functional Assessment,One To Many,False,direct_official_page,One intelligence subject may have many functional assessments.,https://www.palantir.com/docs/defense-osdk/api/intelligence/interfaceTypes/com-palantir-ontology-defense-types-intelligenceSubject
missionPlanning,Operation,Parent Operation,Operation,Operation,One To One,False,direct_official_page,Parent operation.,https://www.palantir.com/docs/defense-osdk/api/missionPlanning/interfaceTypes/com-palantir-ontology-defense-types-operation
missionPlanning,Operation,Child Operations,Operation,Operation,One To Many,False,direct_official_page,Child operations.,https://www.palantir.com/docs/defense-osdk/api/missionPlanning/interfaceTypes/com-palantir-ontology-defense-types-operation
missionPlanning,Operation,Owning Unit,Unit,Unit,One To One,False,direct_official_page,Unit owning this operation.,https://www.palantir.com/docs/defense-osdk/api/missionPlanning/interfaceTypes/com-palantir-ontology-defense-types-operation
missionPlanning,Operation,Unit Hierarchy,Unit Hierarchy,Unit Hierarchy,One To One,False,direct_official_page,Unit hierarchy associated with this operation.,https://www.palantir.com/docs/defense-osdk/api/missionPlanning/interfaceTypes/com-palantir-ontology-defense-types-operation
orderOfBattle,Materiel Type,Materiel Change Events,Materiel Change Event,Materiel Change Event,One To Many,False,direct_official_page,,https://www.palantir.com/docs/defense-osdk/api/orderOfBattle/interfaceTypes/com-palantir-ontology-defense-types-materielType
orderOfBattle,Materiel Type,Materiel Status Events,Materiel Status Event,Materiel Status Event,One To Many,False,direct_official_page,,https://www.palantir.com/docs/defense-osdk/api/orderOfBattle/interfaceTypes/com-palantir-ontology-defense-types-materielType
orderOfBattle,Materiel Type,Materiel Requirements,Materiel Requirement,Materiel Requirement,One To Many,False,direct_official_page,,https://www.palantir.com/docs/defense-osdk/api/orderOfBattle/interfaceTypes/com-palantir-ontology-defense-types-materielType
orderOfBattle,Munition Type,Munition Effectiveness Assessments,Munition Effectiveness Assessment,Munition Effectiveness Assessment,One To Many,False,direct,,https://www.palantir.com/docs/defense-osdk/api/orderOfBattle/interfaceTypes/com-palantir-ontology-defense-types-ammunitionType
orderOfBattle,Munition Type,Attack Guidances,Attack Guidance,Attack Guidance,One To Many,False,direct,,https://www.palantir.com/docs/defense-osdk/api/orderOfBattle/interfaceTypes/com-palantir-ontology-defense-types-ammunitionType
orderOfBattle,Munition Type,Target Selection Standards,Target Selection Standard,Target Selection Standard,One To Many,False,direct,,https://www.palantir.com/docs/defense-osdk/api/orderOfBattle/interfaceTypes/com-palantir-ontology-defense-types-ammunitionType
orderOfBattle,Munition Type,Aimpoint Weapon Employments,Aimpoint Weapon Employment,Aimpoint Weapon Employment,One To Many,False,direct,,https://www.palantir.com/docs/defense-osdk/api/orderOfBattle/interfaceTypes/com-palantir-ontology-defense-types-ammunitionType
orderOfBattle,Organization,Organization Hierarchy Node Relationships (to Parents),Organization Hierarchy Node Relationship,Organization Hierarchy Node Relationship,One To Many,False,direct_official_page,,https://www.palantir.com/docs/defense-osdk/api/orderOfBattle/interfaceTypes/com-palantir-ontology-defense-types-organization
orderOfBattle,Organization,Organization Hierarchy Node Relationships (to Children),Organization Hierarchy Node Relationship,Organization Hierarchy Node Relationship,One To Many,False,direct_official_page,,https://www.palantir.com/docs/defense-osdk/api/orderOfBattle/interfaceTypes/com-palantir-ontology-defense-types-organization
orderOfBattle,Organization,Materiel Change Events,Materiel Change Event,Materiel Change Event,One To Many,False,direct_official_page,,https://www.palantir.com/docs/defense-osdk/api/orderOfBattle/interfaceTypes/com-palantir-ontology-defense-types-organization
orderOfBattle,Organization,Materiel Status Events,Materiel Status Event,Materiel Status Event,One To Many,False,direct_official_page,,https://www.palantir.com/docs/defense-osdk/api/orderOfBattle/interfaceTypes/com-palantir-ontology-defense-types-organization
orderOfBattle,Organization,Materiel Requirements,Materiel Requirement,Materiel Requirement,One To Many,False,direct_official_page,,https://www.palantir.com/docs/defense-osdk/api/orderOfBattle/interfaceTypes/com-palantir-ontology-defense-types-organization
orderOfBattle,Organization Hierarchy,Organization Hierarchy Node Relationships,Organization Hierarchy Node Relationship,Organization Hierarchy Node Relationship,One To Many,False,direct_official_page,,https://www.palantir.com/docs/defense-osdk/api/orderOfBattle/interfaceTypes/com-palantir-ontology-defense-types-organizationHierarchy
orderOfBattle,Organization Hierarchy Node Relationship,Organization Hierarchy Node Relationship Type,Organization Hierarchy Node Relationship Type,Organization Hierarchy Node Relationship Type,One To One,False,direct_official_page,,https://www.palantir.com/docs/defense-osdk/api/orderOfBattle/interfaceTypes/com-palantir-ontology-defense-types-organizationHierarchyNodeRelationship
orderOfBattle,Organization Hierarchy Node Relationship,Child Organization,Organization,Organization,One To One,False,direct_official_page,,https://www.palantir.com/docs/defense-osdk/api/orderOfBattle/interfaceTypes/com-palantir-ontology-defense-types-organizationHierarchyNodeRelationship
orderOfBattle,Organization Hierarchy Node Relationship,Parent Organization,Organization,Organization,One To One,False,direct_official_page,,https://www.palantir.com/docs/defense-osdk/api/orderOfBattle/interfaceTypes/com-palantir-ontology-defense-types-organizationHierarchyNodeRelationship
orderOfBattle,Organization Hierarchy Node Relationship,Organization Hierarchy,Organization Hierarchy,Organization Hierarchy,One To One,False,direct_official_page,,https://www.palantir.com/docs/defense-osdk/api/orderOfBattle/interfaceTypes/com-palantir-ontology-defense-types-organizationHierarchyNodeRelationship
orderOfBattle,Organization Hierarchy Node Relationship Type,Organization Hierarchy Node Relationships,Organization Hierarchy Node Relationship,Organization Hierarchy Node Relationship,One To Many,False,counterpart_official_page,Counterpart constraint confirmed from Organization Hierarchy Node Relationship incoming link and OOB overview.,https://www.palantir.com/docs/defense-osdk/api/orderOfBattle/interfaceTypes/com-palantir-ontology-defense-types-organizationHierarchyNodeRelationshipType
orderOfBattle,Unit,Unit Hierarchy Node Relationships (to Parents),Unit Hierarchy Node Relationship,Unit Hierarchy Node Relationship,One To Many,False,direct_official_page,,https://www.palantir.com/docs/defense-osdk/api/orderOfBattle/interfaceTypes/com-palantir-ontology-defense-types-unit
orderOfBattle,Unit,Unit Hierarchy Node Relationships (to Children),Unit Hierarchy Node Relationship,Unit Hierarchy Node Relationship,One To Many,False,direct_official_page,,https://www.palantir.com/docs/defense-osdk/api/orderOfBattle/interfaceTypes/com-palantir-ontology-defense-types-unit
orderOfBattle,Unit,Unit Type,Unit Type,Unit Type,One To One,False,direct_official_page,,https://www.palantir.com/docs/defense-osdk/api/orderOfBattle/interfaceTypes/com-palantir-ontology-defense-types-unit
orderOfBattle,Unit,Operation,Operation,Operation,One To One,False,direct_official_page,,https://www.palantir.com/docs/defense-osdk/api/orderOfBattle/interfaceTypes/com-palantir-ontology-defense-types-unit
orderOfBattle,Unit,linkedOwnedFscm,Fire Support Coordination Measure,Fire Support Coordination Measure,One To Many,False,direct_official_page,,https://www.palantir.com/docs/defense-osdk/api/orderOfBattle/interfaceTypes/com-palantir-ontology-defense-types-unit
orderOfBattle,Unit,linkedCoordinatedFscm,Fire Support Coordination Measure,Fire Support Coordination Measure,One To Many,False,direct_official_page,,https://www.palantir.com/docs/defense-osdk/api/orderOfBattle/interfaceTypes/com-palantir-ontology-defense-types-unit
orderOfBattle,Unit,linkedExemptedFromFscm,Fire Support Coordination Measure,Fire Support Coordination Measure,One To Many,False,direct_official_page,,https://www.palantir.com/docs/defense-osdk/api/orderOfBattle/interfaceTypes/com-palantir-ontology-defense-types-unit
orderOfBattle,Unit,Target Engagement Authorities,Target Engagement Authority,Target Engagement Authority,One To Many,False,direct_official_page,,https://www.palantir.com/docs/defense-osdk/api/orderOfBattle/interfaceTypes/com-palantir-ontology-defense-types-unit
orderOfBattle,Unit Hierarchy,Unit Hierarchy Node Relationships,Unit Hierarchy Node Relationship,Unit Hierarchy Node Relationship,One To Many,False,direct_official_page,,https://www.palantir.com/docs/defense-osdk/api/orderOfBattle/interfaceTypes/com-palantir-ontology-defense-types-unitHierarchy
orderOfBattle,Unit Hierarchy,Operations,Operation,Operation,One To Many,False,direct_official_page,,https://www.palantir.com/docs/defense-osdk/api/orderOfBattle/interfaceTypes/com-palantir-ontology-defense-types-unitHierarchy
orderOfBattle,Unit Hierarchy Node Relationship,Unit Hierarchy Node Relationship Type,Unit Hierarchy Node Relationship Type,Unit Hierarchy Node Relationship Type,One To One,False,direct_official_page,,https://www.palantir.com/docs/defense-osdk/api/orderOfBattle/interfaceTypes/com-palantir-ontology-defense-types-unitHierarchyNodeRelationship
orderOfBattle,Unit Hierarchy Node Relationship,Child Unit,Unit,Unit,One To One,False,direct_official_page,,https://www.palantir.com/docs/defense-osdk/api/orderOfBattle/interfaceTypes/com-palantir-ontology-defense-types-unitHierarchyNodeRelationship
orderOfBattle,Unit Hierarchy Node Relationship,Parent Unit,Unit,Unit,One To One,False,direct_official_page,,https://www.palantir.com/docs/defense-osdk/api/orderOfBattle/interfaceTypes/com-palantir-ontology-defense-types-unitHierarchyNodeRelationship
orderOfBattle,Unit Hierarchy Node Relationship,Unit Hierarchy,Unit Hierarchy,Unit Hierarchy,One To One,False,direct_official_page,,https://www.palantir.com/docs/defense-osdk/api/orderOfBattle/interfaceTypes/com-palantir-ontology-defense-types-unitHierarchyNodeRelationship
orderOfBattle,Unit Hierarchy Node Relationship Type,Unit Hierarchy Node Relationships,Unit Hierarchy Node Relationship,Unit Hierarchy Node Relationship,One To Many,False,direct_official_page,,https://www.palantir.com/docs/defense-osdk/api/orderOfBattle/interfaceTypes/com-palantir-ontology-defense-types-unitHierarchyNodeRelationshipType
orderOfBattle,Unit Type,Units,Unit,Unit,One To Many,False,direct_official_page,,https://www.palantir.com/docs/defense-osdk/api/orderOfBattle/interfaceTypes/com-palantir-ontology-defense-types-unitType
sustainment,Materiel Change Event,Organization,Organization,Organization,One To One,False,direct_official_page,Organization affected by the materiel change.,https://www.palantir.com/docs/defense-osdk/api/sustainment/interfaceTypes/com-palantir-ontology-defense-types-materielChangeEvent
sustainment,Materiel Change Event,Materiel Type,Materiel Type,Materiel Type,One To One,True,direct_official_page,Materiel type described by the event.,https://www.palantir.com/docs/defense-osdk/api/sustainment/interfaceTypes/com-palantir-ontology-defense-types-materielChangeEvent
sustainment,Materiel Change Event,Named Location,Named Location,Named Location,One To One,False,direct_official_page,Named location associated with the event.,https://www.palantir.com/docs/defense-osdk/api/sustainment/interfaceTypes/com-palantir-ontology-defense-types-materielChangeEvent
sustainment,Materiel Requirement,Organization,Organization,Organization,One To One,False,direct_official_page,Organization requiring the materiel.,https://www.palantir.com/docs/defense-osdk/api/sustainment/interfaceTypes/com-palantir-ontology-defense-types-materielRequirement
sustainment,Materiel Requirement,Materiel Type,Materiel Type,Materiel Type,One To One,True,direct_official_page,Required materiel type.,https://www.palantir.com/docs/defense-osdk/api/sustainment/interfaceTypes/com-palantir-ontology-defense-types-materielRequirement
sustainment,Materiel Requirement,Named Location,Named Location,Named Location,One To One,False,direct_official_page,Named location for the requirement.,https://www.palantir.com/docs/defense-osdk/api/sustainment/interfaceTypes/com-palantir-ontology-defense-types-materielRequirement
sustainment,Materiel Status Event,Organization,Organization,Organization,One To One,False,direct_official_page,Organization described by the status event.,https://www.palantir.com/docs/defense-osdk/api/sustainment/interfaceTypes/com-palantir-ontology-defense-types-materielStatusEvent
sustainment,Materiel Status Event,Materiel Type,Materiel Type,Materiel Type,One To One,True,direct_official_page,Materiel type described by the event.,https://www.palantir.com/docs/defense-osdk/api/sustainment/interfaceTypes/com-palantir-ontology-defense-types-materielStatusEvent
sustainment,Materiel Status Event,Named Location,Named Location,Named Location,One To One,False,direct_official_page,Named location associated with the event.,https://www.palantir.com/docs/defense-osdk/api/sustainment/interfaceTypes/com-palantir-ontology-defense-types-materielStatusEvent
targetingFires,Aimpoint Weapon Employment,Ammunition Type,Munition Type,Munition Type,One To One,False,direct,,https://www.palantir.com/docs/defense-osdk/api/targetingFires/interfaceTypes/com-palantir-ontology-defense-types-aimpointWeaponEmployment
targetingFires,Attack Guidance,Attack Guidance Matrix,Attack Guidance Matrix,Attack Guidance Matrix,One To One,True,direct,,https://www.palantir.com/docs/defense-osdk/api/targetingFires/interfaceTypes/com-palantir-ontology-defense-types-attackGuidance
targetingFires,Attack Guidance,Targeting Area,Targeting Area,Targeting Area,One To One,False,direct,,https://www.palantir.com/docs/defense-osdk/api/targetingFires/interfaceTypes/com-palantir-ontology-defense-types-attackGuidance
targetingFires,Attack Guidance,Target Type,Target Type,Target Type,One To One,True,direct,,https://www.palantir.com/docs/defense-osdk/api/targetingFires/interfaceTypes/com-palantir-ontology-defense-types-attackGuidance
targetingFires,Attack Guidance,Ammunition Type,Munition Type,Munition Type,One To One,False,direct,,https://www.palantir.com/docs/defense-osdk/api/targetingFires/interfaceTypes/com-palantir-ontology-defense-types-attackGuidance
targetingFires,Attack Guidance Matrix,Attack Guidances,Attack Guidance,Attack Guidance,One To Many,True,direct,,https://www.palantir.com/docs/defense-osdk/api/targetingFires/interfaceTypes/com-palantir-ontology-defense-types-attackGuidanceMatrix
targetingFires,Attack Guidance Matrix,Targeting Operations,Targeting Operation,Targeting Operation,One To Many,True,direct,,https://www.palantir.com/docs/defense-osdk/api/targetingFires/interfaceTypes/com-palantir-ontology-defense-types-attackGuidanceMatrix
targetingFires,Change Assessment,Intelligences,Intelligence,Intelligence,One To Many,False,direct,,https://www.palantir.com/docs/defense-osdk/api/targetingFires/interfaceTypes/com-palantir-ontology-defense-types-changeAssessment
targetingFires,Change Assessment,Engagement,Engagement,Engagement,One To One,False,direct,,https://www.palantir.com/docs/defense-osdk/api/targetingFires/interfaceTypes/com-palantir-ontology-defense-types-changeAssessment
targetingFires,Collateral Concern Candidate,Lists,Collateral Concern List,Collateral Concern List,One To Many,False,direct,,https://www.palantir.com/docs/defense-osdk/api/targetingFires/interfaceTypes/com-palantir-ontology-defense-types-collateralConcernCandidate
targetingFires,Collateral Concern Guidance,Collateral Concern Lists,Collateral Concern List,Collateral Concern List,One To Many,False,direct,,https://www.palantir.com/docs/defense-osdk/api/targetingFires/interfaceTypes/com-palantir-ontology-defense-types-collateralConcernGuidance
targetingFires,Collateral Concern Guidance,Targeting Areas,Targeting Area,Targeting Area,One To Many,False,direct,,https://www.palantir.com/docs/defense-osdk/api/targetingFires/interfaceTypes/com-palantir-ontology-defense-types-collateralConcernGuidance
targetingFires,Collateral Concern Guidance,Targeting Operations,Targeting Operation,Targeting Operation,One To Many,False,direct,,https://www.palantir.com/docs/defense-osdk/api/targetingFires/interfaceTypes/com-palantir-ontology-defense-types-collateralConcernGuidance
targetingFires,Collateral Concern List,Entities,Collateral Concern Candidate,Collateral Concern Candidate,One To Many,False,direct,Members of this collateral concern list.,https://www.palantir.com/docs/defense-osdk/api/targetingFires/interfaceTypes/com-palantir-ontology-defense-types-collateralConcernList
targetingFires,Collateral Concern List,Collateral Concern Guidances,Collateral Concern Guidance,Collateral Concern Guidance,One To Many,False,direct,Guidances referencing this list.,https://www.palantir.com/docs/defense-osdk/api/targetingFires/interfaceTypes/com-palantir-ontology-defense-types-collateralConcernList
targetingFires,Collateral Damage Assessment,Intelligences,Intelligence,Intelligence,One To Many,False,direct,,https://www.palantir.com/docs/defense-osdk/api/targetingFires/interfaceTypes/com-palantir-ontology-defense-types-collateralDamageAssessment
targetingFires,Collateral Damage Assessment,Engagement,Engagement,Engagement,One To One,False,direct,,https://www.palantir.com/docs/defense-osdk/api/targetingFires/interfaceTypes/com-palantir-ontology-defense-types-collateralDamageAssessment
targetingFires,Effector Employment,Target Effect Solution,Target Effect Solution,Target Effect Solution,One To One,True,direct,,https://www.palantir.com/docs/defense-osdk/api/targetingFires/interfaceTypes/com-palantir-ontology-defense-types-effectorEmployment
targetingFires,Engagement,Target,Target,Target,One To One,False,direct,,https://www.palantir.com/docs/defense-osdk/api/targetingFires/interfaceTypes/com-palantir-ontology-defense-types-engagement
targetingFires,Engagement,Change Assessments,Change Assessment,Change Assessment,One To Many,False,direct,,https://www.palantir.com/docs/defense-osdk/api/targetingFires/interfaceTypes/com-palantir-ontology-defense-types-engagement
targetingFires,Engagement,Physical Assessments,Physical Assessment,Physical Assessment,One To Many,False,direct,,https://www.palantir.com/docs/defense-osdk/api/targetingFires/interfaceTypes/com-palantir-ontology-defense-types-engagement
targetingFires,Engagement,Functional Assessments,Functional Assessment,Functional Assessment,One To Many,False,direct,,https://www.palantir.com/docs/defense-osdk/api/targetingFires/interfaceTypes/com-palantir-ontology-defense-types-engagement
targetingFires,Engagement,Collateral Damage Assessments,Collateral Damage Assessment,Collateral Damage Assessment,One To Many,False,direct,,https://www.palantir.com/docs/defense-osdk/api/targetingFires/interfaceTypes/com-palantir-ontology-defense-types-engagement
targetingFires,Engagement,Munition Effectiveness Assessments,Munition Effectiveness Assessment,Munition Effectiveness Assessment,One To Many,False,direct,,https://www.palantir.com/docs/defense-osdk/api/targetingFires/interfaceTypes/com-palantir-ontology-defense-types-engagement
targetingFires,Engagement,Serviced Assessments,Serviced Assessment,Serviced Assessment,One To Many,False,direct,,https://www.palantir.com/docs/defense-osdk/api/targetingFires/interfaceTypes/com-palantir-ontology-defense-types-engagement
targetingFires,Fire Support Coordination Measure,linkedOwningUnit,Unit,Unit,One To One,False,direct,,https://www.palantir.com/docs/defense-osdk/api/targetingFires/interfaceTypes/com-palantir-ontology-defense-types-fireSupportCoordinationMeasure
targetingFires,Fire Support Coordination Measure,linkedCoordinatingUnit,Unit,Unit,One To One,False,direct,,https://www.palantir.com/docs/defense-osdk/api/targetingFires/interfaceTypes/com-palantir-ontology-defense-types-fireSupportCoordinationMeasure
targetingFires,Fire Support Coordination Measure,linkedExemptUnits,Unit,Unit,One To Many,False,direct,,https://www.palantir.com/docs/defense-osdk/api/targetingFires/interfaceTypes/com-palantir-ontology-defense-types-fireSupportCoordinationMeasure
targetingFires,Functional Assessment,Intelligences,Intelligence,Intelligence,One To Many,False,direct,,https://www.palantir.com/docs/defense-osdk/api/targetingFires/interfaceTypes/com-palantir-ontology-defense-types-functionalAssessment
targetingFires,Functional Assessment,Intelligence Subject,Intelligence Subject,Intelligence Subject,One To One,False,direct,,https://www.palantir.com/docs/defense-osdk/api/targetingFires/interfaceTypes/com-palantir-ontology-defense-types-functionalAssessment
targetingFires,Functional Assessment,Engagement,Engagement,Engagement,One To One,False,direct,,https://www.palantir.com/docs/defense-osdk/api/targetingFires/interfaceTypes/com-palantir-ontology-defense-types-functionalAssessment
targetingFires,High Payoff Target List,Target Priorities,Target Priority,Target Priority,One To Many,True,direct,,https://www.palantir.com/docs/defense-osdk/api/targetingFires/interfaceTypes/com-palantir-ontology-defense-types-highPayoffTargetList
targetingFires,High Payoff Target List,Targeting Operations,Targeting Operation,Targeting Operation,One To Many,True,direct,,https://www.palantir.com/docs/defense-osdk/api/targetingFires/interfaceTypes/com-palantir-ontology-defense-types-highPayoffTargetList
targetingFires,Munition Effectiveness Assessment,Engagement,Engagement,Engagement,One To One,False,direct,,https://www.palantir.com/docs/defense-osdk/api/targetingFires/interfaceTypes/com-palantir-ontology-defense-types-munitionEffectivenessAssessment
targetingFires,Munition Effectiveness Assessment,Ammunition Type,Munition Type,Munition Type,One To One,False,direct,,https://www.palantir.com/docs/defense-osdk/api/targetingFires/interfaceTypes/com-palantir-ontology-defense-types-munitionEffectivenessAssessment
targetingFires,Physical Assessment,Intelligences,Intelligence,Intelligence,One To Many,False,direct,,https://www.palantir.com/docs/defense-osdk/api/targetingFires/interfaceTypes/com-palantir-ontology-defense-types-physicalAssessment
targetingFires,Physical Assessment,Intelligence Subject,Intelligence Subject,Intelligence Subject,One To One,False,direct,,https://www.palantir.com/docs/defense-osdk/api/targetingFires/interfaceTypes/com-palantir-ontology-defense-types-physicalAssessment
targetingFires,Physical Assessment,Engagement,Engagement,Engagement,One To One,False,direct,,https://www.palantir.com/docs/defense-osdk/api/targetingFires/interfaceTypes/com-palantir-ontology-defense-types-physicalAssessment
targetingFires,Serviced Assessment,Engagement,Engagement,Engagement,One To One,False,direct,,https://www.palantir.com/docs/defense-osdk/api/targetingFires/interfaceTypes/com-palantir-ontology-defense-types-targetAssessment
targetingFires,Target,Targetable Entity,Targetable Entity,Targetable Entity,One To One,True,direct,,https://www.palantir.com/docs/defense-osdk/api/targetingFires/interfaceTypes/com-palantir-ontology-defense-types-target
targetingFires,Target,Engagements,Engagement,Engagement,One To Many,False,direct,,https://www.palantir.com/docs/defense-osdk/api/targetingFires/interfaceTypes/com-palantir-ontology-defense-types-target
targetingFires,Target,Target Lists,Target List Assignment,Target List Assignment,One To Many,False,direct,,https://www.palantir.com/docs/defense-osdk/api/targetingFires/interfaceTypes/com-palantir-ontology-defense-types-target
targetingFires,Target,Targeting Operation,Targeting Operation,Targeting Operation,One To One,False,direct,,https://www.palantir.com/docs/defense-osdk/api/targetingFires/interfaceTypes/com-palantir-ontology-defense-types-target
targetingFires,Target,Target Effect Solutions,Target Effect Solution,Target Effect Solution,One To Many,False,direct,,https://www.palantir.com/docs/defense-osdk/api/targetingFires/interfaceTypes/com-palantir-ontology-defense-types-target
targetingFires,Target Effect Solution,Target,Target,Target,One To One,True,direct,,https://www.palantir.com/docs/defense-osdk/api/targetingFires/interfaceTypes/com-palantir-ontology-defense-types-targetEffectSolution
targetingFires,Target Effect Solution,Effector Employments,Effector Employment,Effector Employment,One To Many,True,direct,,https://www.palantir.com/docs/defense-osdk/api/targetingFires/interfaceTypes/com-palantir-ontology-defense-types-targetEffectSolution
targetingFires,Target Effect Solution,Engagements,Engagement,Engagement,One To Many,False,counterpart_official_page,A Target Effect Solution may have many Engagements; confirmed from current Engagement incoming link constraint.,https://www.palantir.com/docs/defense-osdk/api/targetingFires/interfaceTypes/com-palantir-ontology-defense-types-targetEffectSolution
targetingFires,Target Engagement Authority,Targeting Area,Targeting Area,Targeting Area,One To One,True,direct,,https://www.palantir.com/docs/defense-osdk/api/targetingFires/interfaceTypes/com-palantir-ontology-defense-types-targetEngagementAuthority
targetingFires,Target Engagement Authority,Owning Unit,Unit,Unit,One To One,True,direct,,https://www.palantir.com/docs/defense-osdk/api/targetingFires/interfaceTypes/com-palantir-ontology-defense-types-targetEngagementAuthority
targetingFires,Target Engagement Authority,Targeting Operations,Targeting Operation,Targeting Operation,One To One,False,direct,,https://www.palantir.com/docs/defense-osdk/api/targetingFires/interfaceTypes/com-palantir-ontology-defense-types-targetEngagementAuthority
targetingFires,Target List,Targets,Target List Assignment,Target List Assignment,One To Many,False,direct,,https://www.palantir.com/docs/defense-osdk/api/targetingFires/interfaceTypes/com-palantir-ontology-defense-types-targetList
targetingFires,Target List,Targeting Operations,Targeting Operation,Targeting Operation,One To Many,False,direct,,https://www.palantir.com/docs/defense-osdk/api/targetingFires/interfaceTypes/com-palantir-ontology-defense-types-targetList
targetingFires,Target List Assignment,Target Lists,Target List,Target List,One To One,False,direct,,https://www.palantir.com/docs/defense-osdk/api/targetingFires/interfaceTypes/com-palantir-ontology-defense-types-targetListAssignment
targetingFires,Target List Assignment,Targets,Target,Target,One To One,False,direct,,https://www.palantir.com/docs/defense-osdk/api/targetingFires/interfaceTypes/com-palantir-ontology-defense-types-targetListAssignment
targetingFires,Target Priority,High Payoff Target List,High Payoff Target List,High Payoff Target List,One To One,True,direct,,https://www.palantir.com/docs/defense-osdk/api/targetingFires/interfaceTypes/com-palantir-ontology-defense-types-targetPriority
targetingFires,Target Priority,Targeting Area,Targeting Area,Targeting Area,One To One,False,direct,,https://www.palantir.com/docs/defense-osdk/api/targetingFires/interfaceTypes/com-palantir-ontology-defense-types-targetPriority
targetingFires,Target Priority,Target Type,Target Type,Target Type,One To One,True,direct,,https://www.palantir.com/docs/defense-osdk/api/targetingFires/interfaceTypes/com-palantir-ontology-defense-types-targetPriority
targetingFires,Target Selection Standard,Target Selection Standard Matrix,Target Selection Standard Matrix,Target Selection Standard Matrix,One To One,True,direct,,https://www.palantir.com/docs/defense-osdk/api/targetingFires/interfaceTypes/com-palantir-ontology-defense-types-targetSelectionStandard
targetingFires,Target Selection Standard,Targeting Area,Targeting Area,Targeting Area,One To One,False,direct,,https://www.palantir.com/docs/defense-osdk/api/targetingFires/interfaceTypes/com-palantir-ontology-defense-types-targetSelectionStandard
targetingFires,Target Selection Standard,Target Type,Target Type,Target Type,One To One,True,direct,,https://www.palantir.com/docs/defense-osdk/api/targetingFires/interfaceTypes/com-palantir-ontology-defense-types-targetSelectionStandard
targetingFires,Target Selection Standard,Ammunition Type,Munition Type,Munition Type,One To One,False,direct,,https://www.palantir.com/docs/defense-osdk/api/targetingFires/interfaceTypes/com-palantir-ontology-defense-types-targetSelectionStandard
targetingFires,Target Selection Standard Matrix,Target Selection Standards,Target Selection Standard,Target Selection Standard,One To Many,True,direct,,https://www.palantir.com/docs/defense-osdk/api/targetingFires/interfaceTypes/com-palantir-ontology-defense-types-targetSelectionStandardMatrix
targetingFires,Target Selection Standard Matrix,Targeting Operations,Targeting Operation,Targeting Operation,One To Many,True,direct,,https://www.palantir.com/docs/defense-osdk/api/targetingFires/interfaceTypes/com-palantir-ontology-defense-types-targetSelectionStandardMatrix
targetingFires,Target Type,Targetable Entities,Targetable Entity,Targetable Entity,One To Many,False,direct,,https://www.palantir.com/docs/defense-osdk/api/targetingFires/interfaceTypes/com-palantir-ontology-defense-types-targetType
targetingFires,Target Type,Target Priorities,Target Priority,Target Priority,One To Many,False,direct,,https://www.palantir.com/docs/defense-osdk/api/targetingFires/interfaceTypes/com-palantir-ontology-defense-types-targetType
targetingFires,Target Type,Attack Guidances,Attack Guidance,Attack Guidance,One To Many,False,direct,,https://www.palantir.com/docs/defense-osdk/api/targetingFires/interfaceTypes/com-palantir-ontology-defense-types-targetType
targetingFires,Target Type,Target Selection Standards,Target Selection Standard,Target Selection Standard,One To Many,False,direct,,https://www.palantir.com/docs/defense-osdk/api/targetingFires/interfaceTypes/com-palantir-ontology-defense-types-targetType
targetingFires,Targetable Entity,Targets,Target,Target,One To Many,False,direct,,https://www.palantir.com/docs/defense-osdk/api/targetingFires/interfaceTypes/com-palantir-ontology-defense-types-targetableEntity
targetingFires,Targetable Entity,Target Type,Target Type,Target Type,One To One,False,direct,,https://www.palantir.com/docs/defense-osdk/api/targetingFires/interfaceTypes/com-palantir-ontology-defense-types-targetableEntity
targetingFires,Targeting Area,Target Priorities,Target Priority,Target Priority,One To Many,False,direct,,https://www.palantir.com/docs/defense-osdk/api/targetingFires/interfaceTypes/com-palantir-ontology-defense-types-targetingArea
targetingFires,Targeting Area,Attack Guidances,Attack Guidance,Attack Guidance,One To Many,False,direct,,https://www.palantir.com/docs/defense-osdk/api/targetingFires/interfaceTypes/com-palantir-ontology-defense-types-targetingArea
targetingFires,Targeting Area,Target Selection Standards,Target Selection Standard,Target Selection Standard,One To Many,False,direct,,https://www.palantir.com/docs/defense-osdk/api/targetingFires/interfaceTypes/com-palantir-ontology-defense-types-targetingArea
targetingFires,Targeting Area,Target Engagement Authority,Target Engagement Authority,Target Engagement Authority,One To One,False,direct,,https://www.palantir.com/docs/defense-osdk/api/targetingFires/interfaceTypes/com-palantir-ontology-defense-types-targetingArea
targetingFires,Targeting Area,Collateral Concern Guidances,Collateral Concern Guidance,Collateral Concern Guidance,One To Many,False,direct,,https://www.palantir.com/docs/defense-osdk/api/targetingFires/interfaceTypes/com-palantir-ontology-defense-types-targetingArea
targetingFires,Targeting Area,Targeting Operations,Targeting Operation,Targeting Operation,One To Many,False,direct,,https://www.palantir.com/docs/defense-osdk/api/targetingFires/interfaceTypes/com-palantir-ontology-defense-types-targetingArea
targetingFires,Targeting Operation,Targets,Target,Target,One To Many,True,direct,,https://www.palantir.com/docs/defense-osdk/api/targetingFires/interfaceTypes/com-palantir-ontology-defense-types-targetingOperation
targetingFires,Targeting Operation,High Payoff Target List,High Payoff Target List,High Payoff Target List,One To One,True,direct,,https://www.palantir.com/docs/defense-osdk/api/targetingFires/interfaceTypes/com-palantir-ontology-defense-types-targetingOperation
targetingFires,Targeting Operation,Attack Guidance Matrix,Attack Guidance Matrix,Attack Guidance Matrix,One To One,True,direct,,https://www.palantir.com/docs/defense-osdk/api/targetingFires/interfaceTypes/com-palantir-ontology-defense-types-targetingOperation
targetingFires,Targeting Operation,Target Selection Standard Matrix,Target Selection Standard Matrix,Target Selection Standard Matrix,One To One,True,direct,,https://www.palantir.com/docs/defense-osdk/api/targetingFires/interfaceTypes/com-palantir-ontology-defense-types-targetingOperation
targetingFires,Targeting Operation,Target Engagement Authorities,Target Engagement Authority,Target Engagement Authority,One To Many,False,direct,,https://www.palantir.com/docs/defense-osdk/api/targetingFires/interfaceTypes/com-palantir-ontology-defense-types-targetingOperation
targetingFires,Targeting Operation,Targeting Areas,Targeting Area,Targeting Area,One To Many,True,counterpart_incoming,,https://www.palantir.com/docs/defense-osdk/api/targetingFires/interfaceTypes/com-palantir-ontology-defense-types-targetingOperation
targetingFires,Targeting Operation,Target Lists,Target List,Target List,One To Many,False,counterpart_incoming,,https://www.palantir.com/docs/defense-osdk/api/targetingFires/interfaceTypes/com-palantir-ontology-defense-types-targetingOperation
targetingFires,Targeting Operation,Collateral Concern Guidances,Collateral Concern Guidance,Collateral Concern Guidance,One To Many,False,counterpart_incoming,,https://www.palantir.com/docs/defense-osdk/api/targetingFires/interfaceTypes/com-palantir-ontology-defense-types-targetingOperation
